person,video,clip_filename,start_time,end_time
Fail,Joao_4_fail - Joint Torque,Joao_4_fail - Joint Torque_clip_1.mp4,1752565781.269289,1752565783.402622
Fail,Joao_4_fail - Joint Torque,Joao_4_fail - Joint Torque_clip_2.mp4,1752565783.402622,1752565785.535955
Fail,Joao_4_fail - Joint Torque,Joao_4_fail - Joint Torque_clip_3.mp4,1752565785.535955,1752565787.669289
Fail,Joao_4_fail - Joint Torque,Joao_4_fail - Joint Torque_clip_4.mp4,1752565787.669289,1752565789.802622
Fail,Joao_4_fail - Joint Torque,Joao_4_fail - Joint Torque_clip_5.mp4,1752565789.802622,1752565791.935956
Fail,Joao_4_fail - Joint Torque,Joao_4_fail - Joint Torque_clip_6.mp4,1752565791.935956,1752565794.069289
Fail,Joao_4_fail - Joint Torque,Joao_4_fail - Joint Torque_clip_7.mp4,1752565794.069289,1752565796.202622
Fail,Joao_4_fail - Joint Torque,Joao_4_fail - Joint Torque_clip_8.mp4,1752565796.202622,1752565798.335955
Fail,Joao_4_fail - Joint Torque,Joao_4_fail - Joint Torque_clip_9.mp4,1752565798.335955,1752565800.469289
Fail,Joao_4_fail - Joint Torque,Joao_4_fail - Joint Torque_clip_10.mp4,1752565800.469289,1752565802.602622
Fail,Joao_4_fail - Joint Torque,Joao_4_fail - Joint Torque_clip_11.mp4,1752565802.602622,1752565804.735955
Fail,Joao_4_fail - Joint Torque,Joao_4_fail - Joint Torque_clip_12.mp4,1752565804.735955,1752565806.869289
Fail,Joao_4_fail - Joint Torque,Joao_4_fail - Joint Torque_clip_13.mp4,1752565806.869289,1752565809.002622
Fail,Joao_4_fail - Joint Torque,Joao_4_fail - Joint Torque_clip_14.mp4,1752565809.002622,1752565811.135955
Fail,Joao_4_fail - Joint Torque,Joao_4_fail - Joint Torque_clip_15.mp4,1752565811.135955,1752565813.269289
Fail,Joao_4_fail - Joint Torque,Joao_4_fail - Joint Torque_clip_16.mp4,1752565813.269289,1752565815.402622
Fail,Joao_4_fail - Joint Torque,Joao_4_fail - Joint Torque_clip_17.mp4,1752565815.402622,1752565817.535955
Fail,Joao_4_fail - Joint Torque,Joao_4_fail - Joint Torque_clip_18.mp4,1752565817.535955,1752565819.669289
Fail,Joao_4_fail - Joint Torque,Joao_4_fail - Joint Torque_clip_19.mp4,1752565819.669289,1752565821.002622
Fail,6_Gui_Fail - Robot human handover,6_Gui_Fail - Robot human handover_clip_1.mp4,1752586965.768294,1752586967.901627
Fail,6_Gui_Fail - Robot human handover,6_Gui_Fail - Robot human handover_clip_2.mp4,1752586967.901627,1752586970.034961
Fail,6_Gui_Fail - Robot human handover,6_Gui_Fail - Robot human handover_clip_3.mp4,1752586970.034961,1752586972.168294
Fail,6_Gui_Fail - Robot human handover,6_Gui_Fail - Robot human handover_clip_4.mp4,1752586972.168294,1752586974.301627
Fail,6_Gui_Fail - Robot human handover,6_Gui_Fail - Robot human handover_clip_5.mp4,1752586974.301627,1752586976.434961
Fail,6_Gui_Fail - Robot human handover,6_Gui_Fail - Robot human handover_clip_6.mp4,1752586976.434961,1752586978.568294
Fail,6_Gui_Fail - Robot human handover,6_Gui_Fail - Robot human handover_clip_7.mp4,1752586978.568294,1752586980.701627
Fail,6_Gui_Fail - Robot human handover,6_Gui_Fail - Robot human handover_clip_8.mp4,1752586980.701627,1752586982.834960
Fail,6_Gui_Fail - Robot human handover,6_Gui_Fail - Robot human handover_clip_9.mp4,1752586982.834960,1752586984.968294
Fail,6_Gui_Fail - Robot human handover,6_Gui_Fail - Robot human handover_clip_10.mp4,1752586984.968294,1752586987.101627
Fail,6_Gui_Fail - Robot human handover,6_Gui_Fail - Robot human handover_clip_11.mp4,1752586987.101627,1752586989.234961
Fail,6_Gui_Fail - Robot human handover,6_Gui_Fail - Robot human handover_clip_12.mp4,1752586989.234961,1752586991.368294
Fail,6_Gui_Fail - Robot human handover,6_Gui_Fail - Robot human handover_clip_13.mp4,1752586991.368294,1752586993.501627
Fail,6_Gui_Fail - Robot human handover,6_Gui_Fail - Robot human handover_clip_14.mp4,1752586993.501627,1752586995.634960
Fail,6_Gui_Fail - Robot human handover,6_Gui_Fail - Robot human handover_clip_15.mp4,1752586995.634960,1752586997.768294
Fail,6_Gui_Fail - Robot human handover,6_Gui_Fail - Robot human handover_clip_16.mp4,1752586997.768294,1752586999.901627
Fail,6_Gui_Fail - Robot human handover,6_Gui_Fail - Robot human handover_clip_17.mp4,1752586999.901627,1752587002.034961
Fail,6_Gui_Fail - Robot human handover,6_Gui_Fail - Robot human handover_clip_18.mp4,1752587002.034961,1752587004.168294
Fail,6_Gui_Fail - Robot human handover,6_Gui_Fail - Robot human handover_clip_19.mp4,1752587004.168294,1752587006.301627
Fail,6_Gui_Fail - Robot human handover,6_Gui_Fail - Robot human handover_clip_20.mp4,1752587006.301627,1752587008.434961
Fail,6_Gui_Fail - Robot human handover,6_Gui_Fail - Robot human handover_clip_21.mp4,1752587008.434961,1752587010.568294
Fail,6_Gui_Fail - Robot human handover,6_Gui_Fail - Robot human handover_clip_22.mp4,1752587010.568294,1752587012.701627
Fail,6_Gui_Fail - Robot human handover,6_Gui_Fail - Robot human handover_clip_23.mp4,1752587012.701627,1752587014.834960
Fail,6_Gui_Fail - Robot human handover,6_Gui_Fail - Robot human handover_clip_24.mp4,1752587014.834960,1752587016.968294
Fail,6_Gui_Fail - Robot human handover,6_Gui_Fail - Robot human handover_clip_25.mp4,1752587016.968294,1752587019.101627
Fail,6_Gui_Fail - Robot human handover,6_Gui_Fail - Robot human handover_clip_26.mp4,1752587019.101627,1752587021.234961
Fail,6_Gui_Fail - Robot human handover,6_Gui_Fail - Robot human handover_clip_27.mp4,1752587021.234961,1752587023.368294
Fail,6_Gui_Fail - Robot human handover,6_Gui_Fail - Robot human handover_clip_28.mp4,1752587023.368294,1752587025.501627
Fail,6_Gui_Fail - Robot human handover,6_Gui_Fail - Robot human handover_clip_29.mp4,1752587025.501627,1752587027.634960
Fail,6_Gui_Fail - Robot human handover,6_Gui_Fail - Robot human handover_clip_30.mp4,1752587027.634960,1752587029.768294
Fail,6_Gui_Fail - Robot human handover,6_Gui_Fail - Robot human handover_clip_31.mp4,1752587029.768294,1752587031.901627
Fail,6_Gui_Fail - Robot human handover,6_Gui_Fail - Robot human handover_clip_32.mp4,1752587031.901627,1752587034.034961
Fail,6_Gui_Fail - Robot human handover,6_Gui_Fail - Robot human handover_clip_33.mp4,1752587034.034961,1752587036.168294
Fail,6_Gui_Fail - Robot human handover,6_Gui_Fail - Robot human handover_clip_34.mp4,1752587036.168294,1752587038.301627
Fail,6_Gui_Fail - Robot human handover,6_Gui_Fail - Robot human handover_clip_35.mp4,1752587038.301627,1752587040.434961
Fail,6_Gui_Fail - Robot human handover,6_Gui_Fail - Robot human handover_clip_36.mp4,1752587040.434961,1752587041.701627
Fail,8_p1_fail - drop cup,8_p1_fail - drop cup_clip_1.mp4,1752830067.172805,1752830069.306139
Fail,8_p1_fail - drop cup,8_p1_fail - drop cup_clip_2.mp4,1752830069.306139,1752830071.439472
Fail,8_p1_fail - drop cup,8_p1_fail - drop cup_clip_3.mp4,1752830071.439472,1752830073.572805
Fail,8_p1_fail - drop cup,8_p1_fail - drop cup_clip_4.mp4,1752830073.572805,1752830075.706139
Fail,8_p1_fail - drop cup,8_p1_fail - drop cup_clip_5.mp4,1752830075.706139,1752830077.839472
Fail,8_p1_fail - drop cup,8_p1_fail - drop cup_clip_6.mp4,1752830077.839472,1752830079.972805
Fail,8_p1_fail - drop cup,8_p1_fail - drop cup_clip_7.mp4,1752830079.972805,1752830082.106139
Fail,8_p1_fail - drop cup,8_p1_fail - drop cup_clip_8.mp4,1752830082.106139,1752830084.239472
Fail,8_p1_fail - drop cup,8_p1_fail - drop cup_clip_9.mp4,1752830084.239472,1752830086.372805
Fail,8_p1_fail - drop cup,8_p1_fail - drop cup_clip_10.mp4,1752830086.372805,1752830088.506139
Fail,8_p1_fail - drop cup,8_p1_fail - drop cup_clip_11.mp4,1752830088.506139,1752830090.639472
Fail,8_p1_fail - drop cup,8_p1_fail - drop cup_clip_12.mp4,1752830090.639472,1752830092.772805
Fail,8_p1_fail - drop cup,8_p1_fail - drop cup_clip_13.mp4,1752830092.772805,1752830094.906139
Fail,8_p1_fail - drop cup,8_p1_fail - drop cup_clip_14.mp4,1752830094.906139,1752830097.039472
Fail,8_p1_fail - drop cup,8_p1_fail - drop cup_clip_15.mp4,1752830097.039472,1752830099.172805
Fail,8_p1_fail - drop cup,8_p1_fail - drop cup_clip_16.mp4,1752830099.172805,1752830101.306139
Fail,8_p1_fail - drop cup,8_p1_fail - drop cup_clip_17.mp4,1752830101.306139,1752830103.439472
Fail,8_p1_fail - drop cup,8_p1_fail - drop cup_clip_18.mp4,1752830103.439472,1752830105.572805
Fail,8_p1_fail - drop cup,8_p1_fail - drop cup_clip_19.mp4,1752830105.572805,1752830107.706139
Fail,8_p1_fail - drop cup,8_p1_fail - drop cup_clip_20.mp4,1752830107.706139,1752830109.839472
Fail,8_p1_fail - drop cup,8_p1_fail - drop cup_clip_21.mp4,1752830109.839472,1752830111.972805
Fail,8_p1_fail - drop cup,8_p1_fail - drop cup_clip_22.mp4,1752830111.972805,1752830114.106139
Fail,8_p1_fail - drop cup,8_p1_fail - drop cup_clip_23.mp4,1752830114.106139,1752830115.972805
Fail,Gui_Fail - Inside the tube,Gui_Fail - Inside the tube_clip_1.mp4,1752588248.118276,1752588250.251610
Fail,Gui_Fail - Inside the tube,Gui_Fail - Inside the tube_clip_2.mp4,1752588250.251610,1752588252.384943
Fail,Gui_Fail - Inside the tube,Gui_Fail - Inside the tube_clip_3.mp4,1752588252.384943,1752588254.518276
Fail,Gui_Fail - Inside the tube,Gui_Fail - Inside the tube_clip_4.mp4,1752588254.518276,1752588256.651609
Fail,Gui_Fail - Inside the tube,Gui_Fail - Inside the tube_clip_5.mp4,1752588256.651609,1752588258.784943
Fail,Gui_Fail - Inside the tube,Gui_Fail - Inside the tube_clip_6.mp4,1752588258.784943,1752588260.918276
Fail,Gui_Fail - Inside the tube,Gui_Fail - Inside the tube_clip_7.mp4,1752588260.918276,1752588263.051610
Fail,Gui_Fail - Inside the tube,Gui_Fail - Inside the tube_clip_8.mp4,1752588263.051610,1752588265.184943
Fail,Gui_Fail - Inside the tube,Gui_Fail - Inside the tube_clip_9.mp4,1752588265.184943,1752588267.318276
Fail,Gui_Fail - Inside the tube,Gui_Fail - Inside the tube_clip_10.mp4,1752588267.318276,1752588269.451609
Fail,Gui_Fail - Inside the tube,Gui_Fail - Inside the tube_clip_11.mp4,1752588269.451609,1752588271.584943
Fail,Gui_Fail - Inside the tube,Gui_Fail - Inside the tube_clip_12.mp4,1752588271.584943,1752588273.718276
Fail,Gui_Fail - Inside the tube,Gui_Fail - Inside the tube_clip_13.mp4,1752588273.718276,1752588275.851609
Fail,Gui_Fail - Inside the tube,Gui_Fail - Inside the tube_clip_14.mp4,1752588275.851609,1752588277.984943
Fail,Gui_Fail - Inside the tube,Gui_Fail - Inside the tube_clip_15.mp4,1752588277.984943,1752588280.118276
Fail,Gui_Fail - Inside the tube,Gui_Fail - Inside the tube_clip_16.mp4,1752588280.118276,1752588282.251610
Fail,Gui_Fail - Inside the tube,Gui_Fail - Inside the tube_clip_17.mp4,1752588282.251610,1752588284.384943
Fail,Gui_Fail - Inside the tube,Gui_Fail - Inside the tube_clip_18.mp4,1752588284.384943,1752588284.984943
Fail,10_Joao_Fail,10_Joao_Fail_clip_1.mp4,1752566735.382757,1752566737.516091
Fail,10_Joao_Fail,10_Joao_Fail_clip_2.mp4,1752566737.516091,1752566739.649424
Fail,10_Joao_Fail,10_Joao_Fail_clip_3.mp4,1752566739.649424,1752566741.782757
Fail,10_Joao_Fail,10_Joao_Fail_clip_4.mp4,1752566741.782757,1752566743.916090
Fail,10_Joao_Fail,10_Joao_Fail_clip_5.mp4,1752566743.916090,1752566746.049424
Fail,10_Joao_Fail,10_Joao_Fail_clip_6.mp4,1752566746.049424,1752566748.182757
Fail,10_Joao_Fail,10_Joao_Fail_clip_7.mp4,1752566748.182757,1752566750.316091
Fail,10_Joao_Fail,10_Joao_Fail_clip_8.mp4,1752566750.316091,1752566752.449424
Fail,10_Joao_Fail,10_Joao_Fail_clip_9.mp4,1752566752.449424,1752566754.582757
Fail,10_Joao_Fail,10_Joao_Fail_clip_10.mp4,1752566754.582757,1752566756.716090
Fail,10_Joao_Fail,10_Joao_Fail_clip_11.mp4,1752566756.716090,1752566758.849424
Fail,10_Joao_Fail,10_Joao_Fail_clip_12.mp4,1752566758.849424,1752566760.982757
Fail,10_Joao_Fail,10_Joao_Fail_clip_13.mp4,1752566760.982757,1752566763.116091
Fail,10_Joao_Fail,10_Joao_Fail_clip_14.mp4,1752566763.116091,1752566765.249424
Fail,10_Joao_Fail,10_Joao_Fail_clip_15.mp4,1752566765.249424,1752566767.382757
Fail,10_Joao_Fail,10_Joao_Fail_clip_16.mp4,1752566767.382757,1752566769.516091
Fail,10_Joao_Fail,10_Joao_Fail_clip_17.mp4,1752566769.516091,1752566771.649424
Fail,10_Joao_Fail,10_Joao_Fail_clip_18.mp4,1752566771.649424,1752566773.782757
Fail,10_Joao_Fail,10_Joao_Fail_clip_19.mp4,1752566773.782757,1752566775.916090
Fail,10_Joao_Fail,10_Joao_Fail_clip_20.mp4,1752566775.916090,1752566778.049424
Fail,10_Joao_Fail,10_Joao_Fail_clip_21.mp4,1752566778.049424,1752566780.182757
Fail,10_Joao_Fail,10_Joao_Fail_clip_22.mp4,1752566780.182757,1752566782.316091
Fail,10_Joao_Fail,10_Joao_Fail_clip_23.mp4,1752566782.316091,1752566784.449424
Fail,10_Joao_Fail,10_Joao_Fail_clip_24.mp4,1752566784.449424,1752566786.582757
Fail,10_Joao_Fail,10_Joao_Fail_clip_25.mp4,1752566786.582757,1752566788.716090
Fail,10_Joao_Fail,10_Joao_Fail_clip_26.mp4,1752566788.716090,1752566790.849424
Fail,10_Joao_Fail,10_Joao_Fail_clip_27.mp4,1752566790.849424,1752566792.982757
Fail,10_Joao_Fail,10_Joao_Fail_clip_28.mp4,1752566792.982757,1752566795.116091
Fail,10_Joao_Fail,10_Joao_Fail_clip_29.mp4,1752566795.116091,1752566797.249424
Fail,10_Joao_Fail,10_Joao_Fail_clip_30.mp4,1752566797.249424,1752566799.382757
Fail,10_Joao_Fail,10_Joao_Fail_clip_31.mp4,1752566799.382757,1752566801.516091
Fail,10_Joao_Fail,10_Joao_Fail_clip_32.mp4,1752566801.516091,1752566803.649424
Fail,10_Joao_Fail,10_Joao_Fail_clip_33.mp4,1752566803.649424,1752566805.782757
Fail,10_Joao_Fail,10_Joao_Fail_clip_34.mp4,1752566805.782757,1752566807.916090
Fail,10_Joao_Fail,10_Joao_Fail_clip_35.mp4,1752566807.916090,1752566810.049424
Fail,10_Joao_Fail,10_Joao_Fail_clip_36.mp4,1752566810.049424,1752566812.182757
Fail,10_Joao_Fail,10_Joao_Fail_clip_37.mp4,1752566812.182757,1752566814.316091
Fail,10_Joao_Fail,10_Joao_Fail_clip_38.mp4,1752566814.316091,1752566816.449424
Fail,10_Joao_Fail,10_Joao_Fail_clip_39.mp4,1752566816.449424,1752566818.582757
Fail,10_Joao_Fail,10_Joao_Fail_clip_40.mp4,1752566818.582757,1752566820.716090
Fail,10_Joao_Fail,10_Joao_Fail_clip_41.mp4,1752566820.716090,1752566822.849424
Fail,10_Joao_Fail,10_Joao_Fail_clip_42.mp4,1752566822.849424,1752566824.982757
Fail,10_Joao_Fail,10_Joao_Fail_clip_43.mp4,1752566824.982757,1752566827.116091
Fail,10_Joao_Fail,10_Joao_Fail_clip_44.mp4,1752566827.116091,1752566829.249424
Fail,10_Joao_Fail,10_Joao_Fail_clip_45.mp4,1752566829.249424,1752566831.049424
Fail,10_Gui_Fail_2 - Fail to grasp cup,10_Gui_Fail_2 - Fail to grasp cup_clip_1.mp4,1752587827.263033,1752587829.396367
Fail,10_Gui_Fail_2 - Fail to grasp cup,10_Gui_Fail_2 - Fail to grasp cup_clip_2.mp4,1752587829.396367,1752587831.529700
Fail,10_Gui_Fail_2 - Fail to grasp cup,10_Gui_Fail_2 - Fail to grasp cup_clip_3.mp4,1752587831.529700,1752587833.663033
Fail,10_Gui_Fail_2 - Fail to grasp cup,10_Gui_Fail_2 - Fail to grasp cup_clip_4.mp4,1752587833.663033,1752587835.796366
Fail,10_Gui_Fail_2 - Fail to grasp cup,10_Gui_Fail_2 - Fail to grasp cup_clip_5.mp4,1752587835.796366,1752587837.929700
Fail,10_Gui_Fail_2 - Fail to grasp cup,10_Gui_Fail_2 - Fail to grasp cup_clip_6.mp4,1752587837.929700,1752587840.063033
Fail,10_Gui_Fail_2 - Fail to grasp cup,10_Gui_Fail_2 - Fail to grasp cup_clip_7.mp4,1752587840.063033,1752587842.196367
Fail,10_Gui_Fail_2 - Fail to grasp cup,10_Gui_Fail_2 - Fail to grasp cup_clip_8.mp4,1752587842.196367,1752587844.329700
Fail,10_Gui_Fail_2 - Fail to grasp cup,10_Gui_Fail_2 - Fail to grasp cup_clip_9.mp4,1752587844.329700,1752587846.463033
Fail,10_Gui_Fail_2 - Fail to grasp cup,10_Gui_Fail_2 - Fail to grasp cup_clip_10.mp4,1752587846.463033,1752587848.596366
Fail,10_Gui_Fail_2 - Fail to grasp cup,10_Gui_Fail_2 - Fail to grasp cup_clip_11.mp4,1752587848.596366,1752587850.729700
Fail,10_Gui_Fail_2 - Fail to grasp cup,10_Gui_Fail_2 - Fail to grasp cup_clip_12.mp4,1752587850.729700,1752587852.863033
Fail,10_Gui_Fail_2 - Fail to grasp cup,10_Gui_Fail_2 - Fail to grasp cup_clip_13.mp4,1752587852.863033,1752587854.996367
Fail,10_Gui_Fail_2 - Fail to grasp cup,10_Gui_Fail_2 - Fail to grasp cup_clip_14.mp4,1752587854.996367,1752587857.129700
Fail,10_Gui_Fail_2 - Fail to grasp cup,10_Gui_Fail_2 - Fail to grasp cup_clip_15.mp4,1752587857.129700,1752587859.263033
Fail,10_Gui_Fail_2 - Fail to grasp cup,10_Gui_Fail_2 - Fail to grasp cup_clip_16.mp4,1752587859.263033,1752587861.396367
Fail,10_Gui_Fail_2 - Fail to grasp cup,10_Gui_Fail_2 - Fail to grasp cup_clip_17.mp4,1752587861.396367,1752587863.529700
Fail,10_Gui_Fail_2 - Fail to grasp cup,10_Gui_Fail_2 - Fail to grasp cup_clip_18.mp4,1752587863.529700,1752587865.663033
Fail,10_Gui_Fail_2 - Fail to grasp cup,10_Gui_Fail_2 - Fail to grasp cup_clip_19.mp4,1752587865.663033,1752587867.796366
Fail,10_Gui_Fail_2 - Fail to grasp cup,10_Gui_Fail_2 - Fail to grasp cup_clip_20.mp4,1752587867.796366,1752587869.929700
Fail,10_Gui_Fail_2 - Fail to grasp cup,10_Gui_Fail_2 - Fail to grasp cup_clip_21.mp4,1752587869.929700,1752587872.063033
Fail,10_Gui_Fail_2 - Fail to grasp cup,10_Gui_Fail_2 - Fail to grasp cup_clip_22.mp4,1752587872.063033,1752587874.196367
Fail,10_Gui_Fail_2 - Fail to grasp cup,10_Gui_Fail_2 - Fail to grasp cup_clip_23.mp4,1752587874.196367,1752587876.329700
Fail,10_Gui_Fail_2 - Fail to grasp cup,10_Gui_Fail_2 - Fail to grasp cup_clip_24.mp4,1752587876.329700,1752587878.463033
Fail,10_Gui_Fail_2 - Fail to grasp cup,10_Gui_Fail_2 - Fail to grasp cup_clip_25.mp4,1752587878.463033,1752587880.596366
Fail,10_Gui_Fail_2 - Fail to grasp cup,10_Gui_Fail_2 - Fail to grasp cup_clip_26.mp4,1752587880.596366,1752587881.063033
Fail,10_Gui_Fail - Extra person,10_Gui_Fail - Extra person_clip_1.mp4,1752587679.764940,1752587681.898273
Fail,10_Gui_Fail - Extra person,10_Gui_Fail - Extra person_clip_2.mp4,1752587681.898273,1752587684.031606
Fail,10_Gui_Fail - Extra person,10_Gui_Fail - Extra person_clip_3.mp4,1752587684.031606,1752587686.164940
Fail,10_Gui_Fail - Extra person,10_Gui_Fail - Extra person_clip_4.mp4,1752587686.164940,1752587688.298273
Fail,10_Gui_Fail - Extra person,10_Gui_Fail - Extra person_clip_5.mp4,1752587688.298273,1752587690.431606
Fail,10_Gui_Fail - Extra person,10_Gui_Fail - Extra person_clip_6.mp4,1752587690.431606,1752587692.564939
Fail,10_Gui_Fail - Extra person,10_Gui_Fail - Extra person_clip_7.mp4,1752587692.564939,1752587694.698273
Fail,10_Gui_Fail - Extra person,10_Gui_Fail - Extra person_clip_8.mp4,1752587694.698273,1752587696.831606
Fail,10_Gui_Fail - Extra person,10_Gui_Fail - Extra person_clip_9.mp4,1752587696.831606,1752587698.964940
Fail,10_Gui_Fail - Extra person,10_Gui_Fail - Extra person_clip_10.mp4,1752587698.964940,1752587701.098273
Fail,10_Gui_Fail - Extra person,10_Gui_Fail - Extra person_clip_11.mp4,1752587701.098273,1752587703.231606
Fail,10_Gui_Fail - Extra person,10_Gui_Fail - Extra person_clip_12.mp4,1752587703.231606,1752587705.364939
Fail,10_Gui_Fail - Extra person,10_Gui_Fail - Extra person_clip_13.mp4,1752587705.364939,1752587707.498273
Fail,10_Gui_Fail - Extra person,10_Gui_Fail - Extra person_clip_14.mp4,1752587707.498273,1752587709.631606
Fail,10_Gui_Fail - Extra person,10_Gui_Fail - Extra person_clip_15.mp4,1752587709.631606,1752587711.764940
Fail,10_Gui_Fail - Extra person,10_Gui_Fail - Extra person_clip_16.mp4,1752587711.764940,1752587713.898273
Fail,10_Gui_Fail - Extra person,10_Gui_Fail - Extra person_clip_17.mp4,1752587713.898273,1752587716.031606
Fail,10_Gui_Fail - Extra person,10_Gui_Fail - Extra person_clip_18.mp4,1752587716.031606,1752587718.164940
Fail,10_Gui_Fail - Extra person,10_Gui_Fail - Extra person_clip_19.mp4,1752587718.164940,1752587720.298273
Fail,10_Gui_Fail - Extra person,10_Gui_Fail - Extra person_clip_20.mp4,1752587720.298273,1752587722.431606
Fail,10_Gui_Fail - Extra person,10_Gui_Fail - Extra person_clip_21.mp4,1752587722.431606,1752587724.564939
Fail,10_Gui_Fail - Extra person,10_Gui_Fail - Extra person_clip_22.mp4,1752587724.564939,1752587726.698273
Fail,10_Gui_Fail - Extra person,10_Gui_Fail - Extra person_clip_23.mp4,1752587726.698273,1752587728.831606
Fail,10_Gui_Fail - Extra person,10_Gui_Fail - Extra person_clip_24.mp4,1752587728.831606,1752587730.964940
Fail,10_Gui_Fail - Extra person,10_Gui_Fail - Extra person_clip_25.mp4,1752587730.964940,1752587733.098273
Fail,10_Gui_Fail - Extra person,10_Gui_Fail - Extra person_clip_26.mp4,1752587733.098273,1752587735.231606
Fail,10_Gui_Fail - Extra person,10_Gui_Fail - Extra person_clip_27.mp4,1752587735.231606,1752587737.364939
Fail,10_Gui_Fail - Extra person,10_Gui_Fail - Extra person_clip_28.mp4,1752587737.364939,1752587739.498273
Fail,10_Gui_Fail - Extra person,10_Gui_Fail - Extra person_clip_29.mp4,1752587739.498273,1752587741.631606
Fail,10_Gui_Fail - Extra person,10_Gui_Fail - Extra person_clip_30.mp4,1752587741.631606,1752587743.764940
Fail,10_Gui_Fail - Extra person,10_Gui_Fail - Extra person_clip_31.mp4,1752587743.764940,1752587745.898273
Fail,10_Gui_Fail - Extra person,10_Gui_Fail - Extra person_clip_32.mp4,1752587745.898273,1752587748.031606
Fail,10_Gui_Fail - Extra person,10_Gui_Fail - Extra person_clip_33.mp4,1752587748.031606,1752587750.164940
Fail,10_Gui_Fail - Extra person,10_Gui_Fail - Extra person_clip_34.mp4,1752587750.164940,1752587752.298273
Fail,10_Gui_Fail - Extra person,10_Gui_Fail - Extra person_clip_35.mp4,1752587752.298273,1752587754.431606
Fail,10_Gui_Fail - Extra person,10_Gui_Fail - Extra person_clip_36.mp4,1752587754.431606,1752587756.564939
Fail,10_Gui_Fail - Extra person,10_Gui_Fail - Extra person_clip_37.mp4,1752587756.564939,1752587757.698273
Fail,7_Gui_Fail - joint torque,7_Gui_Fail - joint torque_clip_1.mp4,1752587178.297948,1752587180.431282
Fail,7_Gui_Fail - joint torque,7_Gui_Fail - joint torque_clip_2.mp4,1752587180.431282,1752587182.564615
Fail,7_Gui_Fail - joint torque,7_Gui_Fail - joint torque_clip_3.mp4,1752587182.564615,1752587184.697948
Fail,7_Gui_Fail - joint torque,7_Gui_Fail - joint torque_clip_4.mp4,1752587184.697948,1752587186.831282
Fail,7_Gui_Fail - joint torque,7_Gui_Fail - joint torque_clip_5.mp4,1752587186.831282,1752587188.964615
Fail,7_Gui_Fail - joint torque,7_Gui_Fail - joint torque_clip_6.mp4,1752587188.964615,1752587191.097948
Fail,7_Gui_Fail - joint torque,7_Gui_Fail - joint torque_clip_7.mp4,1752587191.097948,1752587193.231282
Fail,7_Gui_Fail - joint torque,7_Gui_Fail - joint torque_clip_8.mp4,1752587193.231282,1752587195.364615
Fail,7_Gui_Fail - joint torque,7_Gui_Fail - joint torque_clip_9.mp4,1752587195.364615,1752587197.497948
Fail,7_Gui_Fail - joint torque,7_Gui_Fail - joint torque_clip_10.mp4,1752587197.497948,1752587199.631282
Fail,7_Gui_Fail - joint torque,7_Gui_Fail - joint torque_clip_11.mp4,1752587199.631282,1752587201.764615
Fail,7_Gui_Fail - joint torque,7_Gui_Fail - joint torque_clip_12.mp4,1752587201.764615,1752587203.897948
Fail,7_Gui_Fail - joint torque,7_Gui_Fail - joint torque_clip_13.mp4,1752587203.897948,1752587206.031282
Fail,7_Gui_Fail - joint torque,7_Gui_Fail - joint torque_clip_14.mp4,1752587206.031282,1752587208.164615
Fail,7_Gui_Fail - joint torque,7_Gui_Fail - joint torque_clip_15.mp4,1752587208.164615,1752587210.297948
Fail,7_Gui_Fail - joint torque,7_Gui_Fail - joint torque_clip_16.mp4,1752587210.297948,1752587212.431282
Fail,7_Gui_Fail - joint torque,7_Gui_Fail - joint torque_clip_17.mp4,1752587212.431282,1752587214.564615
Fail,7_Gui_Fail - joint torque,7_Gui_Fail - joint torque_clip_18.mp4,1752587214.564615,1752587216.697948
Fail,7_Gui_Fail - joint torque,7_Gui_Fail - joint torque_clip_19.mp4,1752587216.697948,1752587218.831282
Fail,7_Gui_Fail - joint torque,7_Gui_Fail - joint torque_clip_20.mp4,1752587218.831282,1752587220.964615
Fail,7_Gui_Fail - joint torque,7_Gui_Fail - joint torque_clip_21.mp4,1752587220.964615,1752587223.097948
Fail,7_Gui_Fail - joint torque,7_Gui_Fail - joint torque_clip_22.mp4,1752587223.097948,1752587225.231282
Fail,7_Gui_Fail - joint torque,7_Gui_Fail - joint torque_clip_23.mp4,1752587225.231282,1752587227.364615
Fail,7_Gui_Fail - joint torque,7_Gui_Fail - joint torque_clip_24.mp4,1752587227.364615,1752587229.497948
Fail,7_Gui_Fail - joint torque,7_Gui_Fail - joint torque_clip_25.mp4,1752587229.497948,1752587231.631282
Fail,7_Gui_Fail - joint torque,7_Gui_Fail - joint torque_clip_26.mp4,1752587231.631282,1752587233.764615
Fail,7_Gui_Fail - joint torque,7_Gui_Fail - joint torque_clip_27.mp4,1752587233.764615,1752587235.897948
Fail,7_Gui_Fail - joint torque,7_Gui_Fail - joint torque_clip_28.mp4,1752587235.897948,1752587238.031282
Fail,7_Gui_Fail - joint torque,7_Gui_Fail - joint torque_clip_29.mp4,1752587238.031282,1752587240.164615
Fail,7_Gui_Fail - joint torque,7_Gui_Fail - joint torque_clip_30.mp4,1752587240.164615,1752587242.297948
Fail,7_Gui_Fail - joint torque,7_Gui_Fail - joint torque_clip_31.mp4,1752587242.297948,1752587244.431282
Fail,7_Gui_Fail - joint torque,7_Gui_Fail - joint torque_clip_32.mp4,1752587244.431282,1752587246.564615
Fail,7_Gui_Fail - joint torque,7_Gui_Fail - joint torque_clip_33.mp4,1752587246.564615,1752587248.697948
Fail,7_Gui_Fail - joint torque,7_Gui_Fail - joint torque_clip_34.mp4,1752587248.697948,1752587250.831282
Fail,7_Gui_Fail - joint torque,7_Gui_Fail - joint torque_clip_35.mp4,1752587250.831282,1752587252.964615
Fail,7_Gui_Fail - joint torque,7_Gui_Fail - joint torque_clip_36.mp4,1752587252.964615,1752587255.097948
Fail,7_Gui_Fail - joint torque,7_Gui_Fail - joint torque_clip_37.mp4,1752587255.097948,1752587257.231282
Fail,7_Gui_Fail - joint torque,7_Gui_Fail - joint torque_clip_38.mp4,1752587257.231282,1752587259.364615
Fail,7_Gui_Fail - joint torque,7_Gui_Fail - joint torque_clip_39.mp4,1752587259.364615,1752587261.497948
Fail,7_Gui_Fail - joint torque,7_Gui_Fail - joint torque_clip_40.mp4,1752587261.497948,1752587263.631282
Fail,7_Gui_Fail - joint torque,7_Gui_Fail - joint torque_clip_41.mp4,1752587263.631282,1752587265.764615
Fail,7_Gui_Fail - joint torque,7_Gui_Fail - joint torque_clip_42.mp4,1752587265.764615,1752587267.697948
Fail,Joao_2_fail - Collision,Joao_2_fail - Collision_clip_1.mp4,1752567646.785628,1752567648.918962
Fail,Joao_2_fail - Collision,Joao_2_fail - Collision_clip_2.mp4,1752567648.918962,1752567651.052295
Fail,Joao_2_fail - Collision,Joao_2_fail - Collision_clip_3.mp4,1752567651.052295,1752567653.185628
Fail,Joao_2_fail - Collision,Joao_2_fail - Collision_clip_4.mp4,1752567653.185628,1752567655.318961
Fail,Joao_2_fail - Collision,Joao_2_fail - Collision_clip_5.mp4,1752567655.318961,1752567657.452295
Fail,Joao_2_fail - Collision,Joao_2_fail - Collision_clip_6.mp4,1752567657.452295,1752567659.585628
Fail,Joao_2_fail - Collision,Joao_2_fail - Collision_clip_7.mp4,1752567659.585628,1752567661.718961
Fail,Joao_2_fail - Collision,Joao_2_fail - Collision_clip_8.mp4,1752567661.718961,1752567663.852295
Fail,Joao_2_fail - Collision,Joao_2_fail - Collision_clip_9.mp4,1752567663.852295,1752567665.985628
Fail,Joao_2_fail - Collision,Joao_2_fail - Collision_clip_10.mp4,1752567665.985628,1752567668.118961
Fail,Joao_2_fail - Collision,Joao_2_fail - Collision_clip_11.mp4,1752567668.118961,1752567670.252295
Fail,Joao_2_fail - Collision,Joao_2_fail - Collision_clip_12.mp4,1752567670.252295,1752567672.385628
Fail,Joao_2_fail - Collision,Joao_2_fail - Collision_clip_13.mp4,1752567672.385628,1752567672.518961
Fail,Joao_5_fail - fail to grasp cup,Joao_5_fail - fail to grasp cup_clip_1.mp4,1752567823.050149,1752567825.183482
Fail,Joao_5_fail - fail to grasp cup,Joao_5_fail - fail to grasp cup_clip_2.mp4,1752567825.183482,1752567827.316815
Fail,Joao_5_fail - fail to grasp cup,Joao_5_fail - fail to grasp cup_clip_3.mp4,1752567827.316815,1752567829.450149
Fail,Joao_5_fail - fail to grasp cup,Joao_5_fail - fail to grasp cup_clip_4.mp4,1752567829.450149,1752567831.583482
Fail,Joao_5_fail - fail to grasp cup,Joao_5_fail - fail to grasp cup_clip_5.mp4,1752567831.583482,1752567833.716815
Fail,Joao_5_fail - fail to grasp cup,Joao_5_fail - fail to grasp cup_clip_6.mp4,1752567833.716815,1752567835.850149
Fail,Joao_5_fail - fail to grasp cup,Joao_5_fail - fail to grasp cup_clip_7.mp4,1752567835.850149,1752567837.983482
Fail,Joao_5_fail - fail to grasp cup,Joao_5_fail - fail to grasp cup_clip_8.mp4,1752567837.983482,1752567840.116815
Fail,Joao_5_fail - fail to grasp cup,Joao_5_fail - fail to grasp cup_clip_9.mp4,1752567840.116815,1752567842.250149
Fail,Joao_5_fail - fail to grasp cup,Joao_5_fail - fail to grasp cup_clip_10.mp4,1752567842.250149,1752567844.383482
Fail,Joao_5_fail - fail to grasp cup,Joao_5_fail - fail to grasp cup_clip_11.mp4,1752567844.383482,1752567846.516815
Fail,Joao_5_fail - fail to grasp cup,Joao_5_fail - fail to grasp cup_clip_12.mp4,1752567846.516815,1752567848.650149
Fail,Joao_5_fail - fail to grasp cup,Joao_5_fail - fail to grasp cup_clip_13.mp4,1752567848.650149,1752567850.783482
Fail,Joao_5_fail - fail to grasp cup,Joao_5_fail - fail to grasp cup_clip_14.mp4,1752567850.783482,1752567852.916815
Fail,Joao_5_fail - fail to grasp cup,Joao_5_fail - fail to grasp cup_clip_15.mp4,1752567852.916815,1752567855.050149
Fail,Joao_5_fail - fail to grasp cup,Joao_5_fail - fail to grasp cup_clip_16.mp4,1752567855.050149,1752567857.183482
Fail,Joao_5_fail - fail to grasp cup,Joao_5_fail - fail to grasp cup_clip_17.mp4,1752567857.183482,1752567859.316815
Fail,Joao_5_fail - fail to grasp cup,Joao_5_fail - fail to grasp cup_clip_18.mp4,1752567859.316815,1752567861.450149
Fail,Joao_5_fail - fail to grasp cup,Joao_5_fail - fail to grasp cup_clip_19.mp4,1752567861.450149,1752567863.583482
Fail,Joao_5_fail - fail to grasp cup,Joao_5_fail - fail to grasp cup_clip_20.mp4,1752567863.583482,1752567865.716815
Fail,Joao_5_fail - fail to grasp cup,Joao_5_fail - fail to grasp cup_clip_21.mp4,1752567865.716815,1752567867.850149
Fail,Joao_5_fail - fail to grasp cup,Joao_5_fail - fail to grasp cup_clip_22.mp4,1752567867.850149,1752567869.983482
Fail,Joao_5_fail - fail to grasp cup,Joao_5_fail - fail to grasp cup_clip_23.mp4,1752567869.983482,1752567872.116815
Fail,Joao_5_fail - fail to grasp cup,Joao_5_fail - fail to grasp cup_clip_24.mp4,1752567872.116815,1752567874.250149
Fail,Joao_5_fail - fail to grasp cup,Joao_5_fail - fail to grasp cup_clip_25.mp4,1752567874.250149,1752567876.383482
Fail,Joao_5_fail - fail to grasp cup,Joao_5_fail - fail to grasp cup_clip_26.mp4,1752567876.383482,1752567878.516815
Fail,Joao_5_fail - fail to grasp cup,Joao_5_fail - fail to grasp cup_clip_27.mp4,1752567878.516815,1752567880.650149
Fail,Joao_5_fail - fail to grasp cup,Joao_5_fail - fail to grasp cup_clip_28.mp4,1752567880.650149,1752567881.716815
Fail,9_p1_fail - drop cup,9_p1_fail - drop cup_clip_1.mp4,1752830244.445891,1752830246.579224
Fail,9_p1_fail - drop cup,9_p1_fail - drop cup_clip_2.mp4,1752830246.579224,1752830248.712558
Fail,9_p1_fail - drop cup,9_p1_fail - drop cup_clip_3.mp4,1752830248.712558,1752830250.845891
Fail,9_p1_fail - drop cup,9_p1_fail - drop cup_clip_4.mp4,1752830250.845891,1752830252.979224
Fail,9_p1_fail - drop cup,9_p1_fail - drop cup_clip_5.mp4,1752830252.979224,1752830255.112558
Fail,9_p1_fail - drop cup,9_p1_fail - drop cup_clip_6.mp4,1752830255.112558,1752830257.245891
Fail,9_p1_fail - drop cup,9_p1_fail - drop cup_clip_7.mp4,1752830257.245891,1752830259.379224
Fail,9_p1_fail - drop cup,9_p1_fail - drop cup_clip_8.mp4,1752830259.379224,1752830261.512558
Fail,9_p1_fail - drop cup,9_p1_fail - drop cup_clip_9.mp4,1752830261.512558,1752830263.645891
Fail,9_p1_fail - drop cup,9_p1_fail - drop cup_clip_10.mp4,1752830263.645891,1752830265.779224
Fail,9_p1_fail - drop cup,9_p1_fail - drop cup_clip_11.mp4,1752830265.779224,1752830267.912558
Fail,9_p1_fail - drop cup,9_p1_fail - drop cup_clip_12.mp4,1752830267.912558,1752830270.045891
Fail,9_p1_fail - drop cup,9_p1_fail - drop cup_clip_13.mp4,1752830270.045891,1752830272.179224
Fail,9_p1_fail - drop cup,9_p1_fail - drop cup_clip_14.mp4,1752830272.179224,1752830274.312557
Fail,9_p1_fail - drop cup,9_p1_fail - drop cup_clip_15.mp4,1752830274.312557,1752830276.445891
Fail,9_p1_fail - drop cup,9_p1_fail - drop cup_clip_16.mp4,1752830276.445891,1752830278.579224
Fail,9_p1_fail - drop cup,9_p1_fail - drop cup_clip_17.mp4,1752830278.579224,1752830280.712558
Fail,9_p1_fail - drop cup,9_p1_fail - drop cup_clip_18.mp4,1752830280.712558,1752830282.845891
Fail,9_p1_fail - drop cup,9_p1_fail - drop cup_clip_19.mp4,1752830282.845891,1752830284.979224
Fail,9_p1_fail - drop cup,9_p1_fail - drop cup_clip_20.mp4,1752830284.979224,1752830287.112558
Fail,9_p1_fail - drop cup,9_p1_fail - drop cup_clip_21.mp4,1752830287.112558,1752830289.245891
Fail,9_p1_fail - drop cup,9_p1_fail - drop cup_clip_22.mp4,1752830289.245891,1752830291.379224
Fail,9_p1_fail - drop cup,9_p1_fail - drop cup_clip_23.mp4,1752830291.379224,1752830293.512558
Fail,9_p1_fail - drop cup,9_p1_fail - drop cup_clip_24.mp4,1752830293.512558,1752830295.645891
Fail,9_p1_fail - drop cup,9_p1_fail - drop cup_clip_25.mp4,1752830295.645891,1752830297.779224
Fail,9_p1_fail - drop cup,9_p1_fail - drop cup_clip_26.mp4,1752830297.779224,1752830299.179224
Fail,4_Hugo_fail - drop,4_Hugo_fail - drop_clip_1.mp4,1752484730.979393,1752484733.112726
Fail,4_Hugo_fail - drop,4_Hugo_fail - drop_clip_2.mp4,1752484733.112726,1752484735.246059
Fail,4_Hugo_fail - drop,4_Hugo_fail - drop_clip_3.mp4,1752484735.246059,1752484737.379393
Fail,4_Hugo_fail - drop,4_Hugo_fail - drop_clip_4.mp4,1752484737.379393,1752484739.512726
Fail,4_Hugo_fail - drop,4_Hugo_fail - drop_clip_5.mp4,1752484739.512726,1752484741.646060
Fail,4_Hugo_fail - drop,4_Hugo_fail - drop_clip_6.mp4,1752484741.646060,1752484743.779393
Fail,4_Hugo_fail - drop,4_Hugo_fail - drop_clip_7.mp4,1752484743.779393,1752484745.912726
Fail,4_Hugo_fail - drop,4_Hugo_fail - drop_clip_8.mp4,1752484745.912726,1752484748.046059
Fail,4_Hugo_fail - drop,4_Hugo_fail - drop_clip_9.mp4,1752484748.046059,1752484750.179393
Fail,4_Hugo_fail - drop,4_Hugo_fail - drop_clip_10.mp4,1752484750.179393,1752484752.312726
Fail,4_Hugo_fail - drop,4_Hugo_fail - drop_clip_11.mp4,1752484752.312726,1752484754.446059
Fail,4_Hugo_fail - drop,4_Hugo_fail - drop_clip_12.mp4,1752484754.446059,1752484756.579393
Fail,4_Hugo_fail - drop,4_Hugo_fail - drop_clip_13.mp4,1752484756.579393,1752484758.712726
Fail,4_Hugo_fail - drop,4_Hugo_fail - drop_clip_14.mp4,1752484758.712726,1752484760.846059
Fail,4_Hugo_fail - drop,4_Hugo_fail - drop_clip_15.mp4,1752484760.846059,1752484762.979393
Fail,4_Hugo_fail - drop,4_Hugo_fail - drop_clip_16.mp4,1752484762.979393,1752484765.112726
Fail,4_Hugo_fail - drop,4_Hugo_fail - drop_clip_17.mp4,1752484765.112726,1752484767.246059
Fail,4_Hugo_fail - drop,4_Hugo_fail - drop_clip_18.mp4,1752484767.246059,1752484769.379393
Fail,4_Hugo_fail - drop,4_Hugo_fail - drop_clip_19.mp4,1752484769.379393,1752484771.512726
Fail,4_Hugo_fail - drop,4_Hugo_fail - drop_clip_20.mp4,1752484771.512726,1752484773.646060
Fail,4_Hugo_fail - drop,4_Hugo_fail - drop_clip_21.mp4,1752484773.646060,1752484775.779393
Fail,4_Hugo_fail - drop,4_Hugo_fail - drop_clip_22.mp4,1752484775.779393,1752484777.912726
Fail,4_Hugo_fail - drop,4_Hugo_fail - drop_clip_23.mp4,1752484777.912726,1752484780.046059
Fail,4_Hugo_fail - drop,4_Hugo_fail - drop_clip_24.mp4,1752484780.046059,1752484782.179393
Fail,4_Hugo_fail - drop,4_Hugo_fail - drop_clip_25.mp4,1752484782.179393,1752484782.579393
Fail,fun,fun_clip_1.mp4,1752588655.416276,1752588657.549610
Fail,fun,fun_clip_2.mp4,1752588657.549610,1752588659.682943
Fail,fun,fun_clip_3.mp4,1752588659.682943,1752588661.816276
Fail,fun,fun_clip_4.mp4,1752588661.816276,1752588663.949610
Fail,fun,fun_clip_5.mp4,1752588663.949610,1752588666.082943
Fail,fun,fun_clip_6.mp4,1752588666.082943,1752588668.216276
Fail,fun,fun_clip_7.mp4,1752588668.216276,1752588670.349610
Fail,fun,fun_clip_8.mp4,1752588670.349610,1752588672.482943
Fail,fun,fun_clip_9.mp4,1752588672.482943,1752588674.616276
Fail,fun,fun_clip_10.mp4,1752588674.616276,1752588676.749609
Fail,fun,fun_clip_11.mp4,1752588676.749609,1752588678.882943
Fail,fun,fun_clip_12.mp4,1752588678.882943,1752588681.016276
Fail,fun,fun_clip_13.mp4,1752588681.016276,1752588683.149610
Fail,fun,fun_clip_14.mp4,1752588683.149610,1752588685.282943
Fail,fun,fun_clip_15.mp4,1752588685.282943,1752588687.416276
Fail,fun,fun_clip_16.mp4,1752588687.416276,1752588689.549610
Fail,fun,fun_clip_17.mp4,1752588689.549610,1752588691.682943
Fail,fun,fun_clip_18.mp4,1752588691.682943,1752588693.816276
Fail,fun,fun_clip_19.mp4,1752588693.816276,1752588695.949610
Fail,fun,fun_clip_20.mp4,1752588695.949610,1752588698.082943
Fail,fun,fun_clip_21.mp4,1752588698.082943,1752588700.216276
Fail,fun,fun_clip_22.mp4,1752588700.216276,1752588702.349610
Fail,fun,fun_clip_23.mp4,1752588702.349610,1752588704.482943
Fail,fun,fun_clip_24.mp4,1752588704.482943,1752588706.616276
Fail,fun,fun_clip_25.mp4,1752588706.616276,1752588708.749609
Fail,fun,fun_clip_26.mp4,1752588708.749609,1752588710.882943
Fail,fun,fun_clip_27.mp4,1752588710.882943,1752588713.016276
Fail,fun,fun_clip_28.mp4,1752588713.016276,1752588715.149610
Fail,fun,fun_clip_29.mp4,1752588715.149610,1752588717.282943
Fail,fun,fun_clip_30.mp4,1752588717.282943,1752588719.416276
Fail,fun,fun_clip_31.mp4,1752588719.416276,1752588721.549610
Fail,fun,fun_clip_32.mp4,1752588721.549610,1752588723.682943
Fail,fun,fun_clip_33.mp4,1752588723.682943,1752588725.816276
Fail,fun,fun_clip_34.mp4,1752588725.816276,1752588727.949610
Fail,fun,fun_clip_35.mp4,1752588727.949610,1752588730.082943
Fail,fun,fun_clip_36.mp4,1752588730.082943,1752588732.216276
Fail,fun,fun_clip_37.mp4,1752588732.216276,1752588734.349610
Fail,fun,fun_clip_38.mp4,1752588734.349610,1752588736.482943
Fail,fun,fun_clip_39.mp4,1752588736.482943,1752588738.616276
Fail,fun,fun_clip_40.mp4,1752588738.616276,1752588740.749609
Fail,fun,fun_clip_41.mp4,1752588740.749609,1752588742.882943
Fail,fun,fun_clip_42.mp4,1752588742.882943,1752588745.016276
Fail,fun,fun_clip_43.mp4,1752588745.016276,1752588747.149610
Fail,fun,fun_clip_44.mp4,1752588747.149610,1752588749.282943
Fail,fun,fun_clip_45.mp4,1752588749.282943,1752588751.416276
Fail,fun,fun_clip_46.mp4,1752588751.416276,1752588753.549610
Fail,fun,fun_clip_47.mp4,1752588753.549610,1752588755.682943
Fail,fun,fun_clip_48.mp4,1752588755.682943,1752588757.816276
Fail,fun,fun_clip_49.mp4,1752588757.816276,1752588759.949610
Fail,fun,fun_clip_50.mp4,1752588759.949610,1752588762.082943
Fail,fun,fun_clip_51.mp4,1752588762.082943,1752588764.216276
Fail,fun,fun_clip_52.mp4,1752588764.216276,1752588766.349610
Fail,fun,fun_clip_53.mp4,1752588766.349610,1752588768.482943
Fail,fun,fun_clip_54.mp4,1752588768.482943,1752588770.616276
Fail,fun,fun_clip_55.mp4,1752588770.616276,1752588772.749609
Fail,fun,fun_clip_56.mp4,1752588772.749609,1752588774.882943
Fail,fun,fun_clip_57.mp4,1752588774.882943,1752588777.016276
Fail,fun,fun_clip_58.mp4,1752588777.016276,1752588779.149610
Fail,fun,fun_clip_59.mp4,1752588779.149610,1752588781.282943
Fail,fun,fun_clip_60.mp4,1752588781.282943,1752588783.416276
Fail,fun,fun_clip_61.mp4,1752588783.416276,1752588785.549610
Fail,fun,fun_clip_62.mp4,1752588785.549610,1752588786.349610
Fail,3_p2_fail - robot human handover,3_p2_fail - robot human handover_clip_1.mp4,1752828520.244480,1752828522.377813
Fail,3_p2_fail - robot human handover,3_p2_fail - robot human handover_clip_2.mp4,1752828522.377813,1752828524.511146
Fail,3_p2_fail - robot human handover,3_p2_fail - robot human handover_clip_3.mp4,1752828524.511146,1752828526.644480
Fail,3_p2_fail - robot human handover,3_p2_fail - robot human handover_clip_4.mp4,1752828526.644480,1752828528.777813
Fail,3_p2_fail - robot human handover,3_p2_fail - robot human handover_clip_5.mp4,1752828528.777813,1752828530.911146
Fail,3_p2_fail - robot human handover,3_p2_fail - robot human handover_clip_6.mp4,1752828530.911146,1752828533.044480
Fail,3_p2_fail - robot human handover,3_p2_fail - robot human handover_clip_7.mp4,1752828533.044480,1752828535.177813
Fail,3_p2_fail - robot human handover,3_p2_fail - robot human handover_clip_8.mp4,1752828535.177813,1752828537.311146
Fail,3_p2_fail - robot human handover,3_p2_fail - robot human handover_clip_9.mp4,1752828537.311146,1752828539.444480
Fail,3_p2_fail - robot human handover,3_p2_fail - robot human handover_clip_10.mp4,1752828539.444480,1752828541.577813
Fail,3_p2_fail - robot human handover,3_p2_fail - robot human handover_clip_11.mp4,1752828541.577813,1752828543.711146
Fail,3_p2_fail - robot human handover,3_p2_fail - robot human handover_clip_12.mp4,1752828543.711146,1752828545.844480
Fail,3_p2_fail - robot human handover,3_p2_fail - robot human handover_clip_13.mp4,1752828545.844480,1752828547.977813
Fail,3_p2_fail - robot human handover,3_p2_fail - robot human handover_clip_14.mp4,1752828547.977813,1752828550.111146
Fail,3_p2_fail - robot human handover,3_p2_fail - robot human handover_clip_15.mp4,1752828550.111146,1752828552.244480
Fail,3_p2_fail - robot human handover,3_p2_fail - robot human handover_clip_16.mp4,1752828552.244480,1752828554.377813
Fail,3_p2_fail - robot human handover,3_p2_fail - robot human handover_clip_17.mp4,1752828554.377813,1752828556.511146
Fail,3_p2_fail - robot human handover,3_p2_fail - robot human handover_clip_18.mp4,1752828556.511146,1752828558.644480
Fail,3_p2_fail - robot human handover,3_p2_fail - robot human handover_clip_19.mp4,1752828558.644480,1752828560.777813
Fail,3_p2_fail - robot human handover,3_p2_fail - robot human handover_clip_20.mp4,1752828560.777813,1752828562.911146
Fail,3_p2_fail - robot human handover,3_p2_fail - robot human handover_clip_21.mp4,1752828562.911146,1752828565.044480
Fail,3_p2_fail - robot human handover,3_p2_fail - robot human handover_clip_22.mp4,1752828565.044480,1752828567.177813
Fail,3_p2_fail - robot human handover,3_p2_fail - robot human handover_clip_23.mp4,1752828567.177813,1752828569.311146
Fail,3_p2_fail - robot human handover,3_p2_fail - robot human handover_clip_24.mp4,1752828569.311146,1752828571.444480
Fail,3_p2_fail - robot human handover,3_p2_fail - robot human handover_clip_25.mp4,1752828571.444480,1752828573.577813
Fail,3_p2_fail - robot human handover,3_p2_fail - robot human handover_clip_26.mp4,1752828573.577813,1752828574.244480
Fail,Joao_1_fail - Drop Cup,Joao_1_fail - Drop Cup_clip_1.mp4,1752567569.369819,1752567571.503152
Fail,Joao_1_fail - Drop Cup,Joao_1_fail - Drop Cup_clip_2.mp4,1752567571.503152,1752567573.636485
Fail,Joao_1_fail - Drop Cup,Joao_1_fail - Drop Cup_clip_3.mp4,1752567573.636485,1752567575.769819
Fail,Joao_1_fail - Drop Cup,Joao_1_fail - Drop Cup_clip_4.mp4,1752567575.769819,1752567577.903152
Fail,Joao_1_fail - Drop Cup,Joao_1_fail - Drop Cup_clip_5.mp4,1752567577.903152,1752567580.036485
Fail,Joao_1_fail - Drop Cup,Joao_1_fail - Drop Cup_clip_6.mp4,1752567580.036485,1752567582.169819
Fail,Joao_1_fail - Drop Cup,Joao_1_fail - Drop Cup_clip_7.mp4,1752567582.169819,1752567584.303152
Fail,Joao_1_fail - Drop Cup,Joao_1_fail - Drop Cup_clip_8.mp4,1752567584.303152,1752567586.436485
Fail,Joao_1_fail - Drop Cup,Joao_1_fail - Drop Cup_clip_9.mp4,1752567586.436485,1752567588.569819
Fail,Joao_1_fail - Drop Cup,Joao_1_fail - Drop Cup_clip_10.mp4,1752567588.569819,1752567590.703152
Fail,Joao_1_fail - Drop Cup,Joao_1_fail - Drop Cup_clip_11.mp4,1752567590.703152,1752567592.836485
Fail,Joao_1_fail - Drop Cup,Joao_1_fail - Drop Cup_clip_12.mp4,1752567592.836485,1752567594.969819
Fail,Joao_1_fail - Drop Cup,Joao_1_fail - Drop Cup_clip_13.mp4,1752567594.969819,1752567597.103152
Fail,Joao_1_fail - Drop Cup,Joao_1_fail - Drop Cup_clip_14.mp4,1752567597.103152,1752567599.236485
Fail,Joao_1_fail - Drop Cup,Joao_1_fail - Drop Cup_clip_15.mp4,1752567599.236485,1752567601.369819
Fail,Joao_1_fail - Drop Cup,Joao_1_fail - Drop Cup_clip_16.mp4,1752567601.369819,1752567602.969819
Fail,Joao_3_fail - Collision,Joao_3_fail - Collision_clip_1.mp4,1752567736.706328,1752567738.839661
Fail,Joao_3_fail - Collision,Joao_3_fail - Collision_clip_2.mp4,1752567738.839661,1752567740.972995
Fail,Joao_3_fail - Collision,Joao_3_fail - Collision_clip_3.mp4,1752567740.972995,1752567743.106328
Fail,Joao_3_fail - Collision,Joao_3_fail - Collision_clip_4.mp4,1752567743.106328,1752567745.239661
Fail,Joao_3_fail - Collision,Joao_3_fail - Collision_clip_5.mp4,1752567745.239661,1752567747.372995
Fail,Joao_3_fail - Collision,Joao_3_fail - Collision_clip_6.mp4,1752567747.372995,1752567749.506328
Fail,Joao_3_fail - Collision,Joao_3_fail - Collision_clip_7.mp4,1752567749.506328,1752567751.639661
Fail,Joao_3_fail - Collision,Joao_3_fail - Collision_clip_8.mp4,1752567751.639661,1752567753.772995
Fail,Joao_3_fail - Collision,Joao_3_fail - Collision_clip_9.mp4,1752567753.772995,1752567755.906328
Fail,Joao_3_fail - Collision,Joao_3_fail - Collision_clip_10.mp4,1752567755.906328,1752567758.039661
Fail,Joao_3_fail - Collision,Joao_3_fail - Collision_clip_11.mp4,1752567758.039661,1752567760.172995
Fail,Joao_3_fail - Collision,Joao_3_fail - Collision_clip_12.mp4,1752567760.172995,1752567762.306328
Fail,Joao_3_fail - Collision,Joao_3_fail - Collision_clip_13.mp4,1752567762.306328,1752567764.439661
Fail,Joao_3_fail - Collision,Joao_3_fail - Collision_clip_14.mp4,1752567764.439661,1752567766.572994
Fail,Joao_3_fail - Collision,Joao_3_fail - Collision_clip_15.mp4,1752567766.572994,1752567768.706328
Fail,Joao_3_fail - Collision,Joao_3_fail - Collision_clip_16.mp4,1752567768.706328,1752567770.839661
Fail,Joao_3_fail - Collision,Joao_3_fail - Collision_clip_17.mp4,1752567770.839661,1752567772.972995
Fail,Gui_Fail_2 - Inside the tube,Gui_Fail_2 - Inside the tube_clip_1.mp4,1752588318.057433,1752588320.190766
Fail,Gui_Fail_2 - Inside the tube,Gui_Fail_2 - Inside the tube_clip_2.mp4,1752588320.190766,1752588322.324099
Fail,Gui_Fail_2 - Inside the tube,Gui_Fail_2 - Inside the tube_clip_3.mp4,1752588322.324099,1752588324.457433
Fail,Gui_Fail_2 - Inside the tube,Gui_Fail_2 - Inside the tube_clip_4.mp4,1752588324.457433,1752588326.590766
Fail,Gui_Fail_2 - Inside the tube,Gui_Fail_2 - Inside the tube_clip_5.mp4,1752588326.590766,1752588328.724099
Fail,Gui_Fail_2 - Inside the tube,Gui_Fail_2 - Inside the tube_clip_6.mp4,1752588328.724099,1752588330.857433
Fail,Gui_Fail_2 - Inside the tube,Gui_Fail_2 - Inside the tube_clip_7.mp4,1752588330.857433,1752588332.990766
Fail,Gui_Fail_2 - Inside the tube,Gui_Fail_2 - Inside the tube_clip_8.mp4,1752588332.990766,1752588335.124099
Fail,Gui_Fail_2 - Inside the tube,Gui_Fail_2 - Inside the tube_clip_9.mp4,1752588335.124099,1752588337.257433
Fail,Gui_Fail_2 - Inside the tube,Gui_Fail_2 - Inside the tube_clip_10.mp4,1752588337.257433,1752588339.390766
Fail,Gui_Fail_2 - Inside the tube,Gui_Fail_2 - Inside the tube_clip_11.mp4,1752588339.390766,1752588341.524099
Fail,Gui_Fail_2 - Inside the tube,Gui_Fail_2 - Inside the tube_clip_12.mp4,1752588341.524099,1752588343.657433
Fail,Gui_Fail_2 - Inside the tube,Gui_Fail_2 - Inside the tube_clip_13.mp4,1752588343.657433,1752588345.790766
Fail,Gui_Fail_2 - Inside the tube,Gui_Fail_2 - Inside the tube_clip_14.mp4,1752588345.790766,1752588347.924099
Fail,Gui_Fail_2 - Inside the tube,Gui_Fail_2 - Inside the tube_clip_15.mp4,1752588347.924099,1752588350.057433
Fail,Gui_Fail_2 - Inside the tube,Gui_Fail_2 - Inside the tube_clip_16.mp4,1752588350.057433,1752588352.190766
Fail,Gui_Fail_2 - Inside the tube,Gui_Fail_2 - Inside the tube_clip_17.mp4,1752588352.190766,1752588353.990766
Fail,1_p2_fail - drop cup,1_p2_fail - drop cup_clip_1.mp4,1752828282.152400,1752828284.285733
Fail,1_p2_fail - drop cup,1_p2_fail - drop cup_clip_2.mp4,1752828284.285733,1752828286.419066
Fail,1_p2_fail - drop cup,1_p2_fail - drop cup_clip_3.mp4,1752828286.419066,1752828288.552400
Fail,1_p2_fail - drop cup,1_p2_fail - drop cup_clip_4.mp4,1752828288.552400,1752828290.685733
Fail,1_p2_fail - drop cup,1_p2_fail - drop cup_clip_5.mp4,1752828290.685733,1752828292.819066
Fail,1_p2_fail - drop cup,1_p2_fail - drop cup_clip_6.mp4,1752828292.819066,1752828294.952399
Fail,1_p2_fail - drop cup,1_p2_fail - drop cup_clip_7.mp4,1752828294.952399,1752828297.085733
Fail,1_p2_fail - drop cup,1_p2_fail - drop cup_clip_8.mp4,1752828297.085733,1752828299.219066
Fail,1_p2_fail - drop cup,1_p2_fail - drop cup_clip_9.mp4,1752828299.219066,1752828301.352400
Fail,1_p2_fail - drop cup,1_p2_fail - drop cup_clip_10.mp4,1752828301.352400,1752828303.485733
Fail,1_p2_fail - drop cup,1_p2_fail - drop cup_clip_11.mp4,1752828303.485733,1752828305.619066
Fail,1_p2_fail - drop cup,1_p2_fail - drop cup_clip_12.mp4,1752828305.619066,1752828307.752399
Fail,1_p2_fail - drop cup,1_p2_fail - drop cup_clip_13.mp4,1752828307.752399,1752828309.885733
Fail,1_p2_fail - drop cup,1_p2_fail - drop cup_clip_14.mp4,1752828309.885733,1752828312.019066
Fail,1_p2_fail - drop cup,1_p2_fail - drop cup_clip_15.mp4,1752828312.019066,1752828314.152400
Fail,1_p2_fail - drop cup,1_p2_fail - drop cup_clip_16.mp4,1752828314.152400,1752828316.285733
Fail,1_p2_fail - drop cup,1_p2_fail - drop cup_clip_17.mp4,1752828316.285733,1752828318.419066
Fail,1_p2_fail - drop cup,1_p2_fail - drop cup_clip_18.mp4,1752828318.419066,1752828320.552400
Fail,1_p2_fail - drop cup,1_p2_fail - drop cup_clip_19.mp4,1752828320.552400,1752828322.685733
Fail,1_p2_fail - drop cup,1_p2_fail - drop cup_clip_20.mp4,1752828322.685733,1752828324.819066
Fail,1_p2_fail - drop cup,1_p2_fail - drop cup_clip_21.mp4,1752828324.819066,1752828326.019066
Fail,Gui_Fail_3 - Person Disappears,Gui_Fail_3 - Person Disappears_clip_1.mp4,1752588400.597265,1752588402.730599
Fail,Gui_Fail_3 - Person Disappears,Gui_Fail_3 - Person Disappears_clip_2.mp4,1752588402.730599,1752588404.863932
Fail,Gui_Fail_3 - Person Disappears,Gui_Fail_3 - Person Disappears_clip_3.mp4,1752588404.863932,1752588406.997265
Fail,Gui_Fail_3 - Person Disappears,Gui_Fail_3 - Person Disappears_clip_4.mp4,1752588406.997265,1752588409.130599
Fail,Gui_Fail_3 - Person Disappears,Gui_Fail_3 - Person Disappears_clip_5.mp4,1752588409.130599,1752588411.263932
Fail,Gui_Fail_3 - Person Disappears,Gui_Fail_3 - Person Disappears_clip_6.mp4,1752588411.263932,1752588413.397265
Fail,Gui_Fail_3 - Person Disappears,Gui_Fail_3 - Person Disappears_clip_7.mp4,1752588413.397265,1752588415.530599
Fail,Gui_Fail_3 - Person Disappears,Gui_Fail_3 - Person Disappears_clip_8.mp4,1752588415.530599,1752588417.663932
Fail,Gui_Fail_3 - Person Disappears,Gui_Fail_3 - Person Disappears_clip_9.mp4,1752588417.663932,1752588419.797265
Fail,Gui_Fail_3 - Person Disappears,Gui_Fail_3 - Person Disappears_clip_10.mp4,1752588419.797265,1752588421.930598
Fail,Gui_Fail_3 - Person Disappears,Gui_Fail_3 - Person Disappears_clip_11.mp4,1752588421.930598,1752588424.063932
Fail,Gui_Fail_3 - Person Disappears,Gui_Fail_3 - Person Disappears_clip_12.mp4,1752588424.063932,1752588426.197265
Fail,Gui_Fail_3 - Person Disappears,Gui_Fail_3 - Person Disappears_clip_13.mp4,1752588426.197265,1752588428.330599
Fail,Gui_Fail_3 - Person Disappears,Gui_Fail_3 - Person Disappears_clip_14.mp4,1752588428.330599,1752588430.463932
Fail,Gui_Fail_3 - Person Disappears,Gui_Fail_3 - Person Disappears_clip_15.mp4,1752588430.463932,1752588432.597265
Fail,Gui_Fail_3 - Person Disappears,Gui_Fail_3 - Person Disappears_clip_16.mp4,1752588432.597265,1752588434.730599
Fail,Gui_Fail_3 - Person Disappears,Gui_Fail_3 - Person Disappears_clip_17.mp4,1752588434.730599,1752588436.863932
Fail,Gui_Fail_3 - Person Disappears,Gui_Fail_3 - Person Disappears_clip_18.mp4,1752588436.863932,1752588438.997265
Fail,Gui_Fail_3 - Person Disappears,Gui_Fail_3 - Person Disappears_clip_19.mp4,1752588438.997265,1752588441.130599
Fail,Gui_Fail_3 - Person Disappears,Gui_Fail_3 - Person Disappears_clip_20.mp4,1752588441.130599,1752588443.263932
Fail,Gui_Fail_3 - Person Disappears,Gui_Fail_3 - Person Disappears_clip_21.mp4,1752588443.263932,1752588445.397265
Fail,Gui_Fail_3 - Person Disappears,Gui_Fail_3 - Person Disappears_clip_22.mp4,1752588445.397265,1752588447.530599
Fail,Gui_Fail_3 - Person Disappears,Gui_Fail_3 - Person Disappears_clip_23.mp4,1752588447.530599,1752588449.663932
Fail,Gui_Fail_3 - Person Disappears,Gui_Fail_3 - Person Disappears_clip_24.mp4,1752588449.663932,1752588451.797265
Fail,Gui_Fail_3 - Person Disappears,Gui_Fail_3 - Person Disappears_clip_25.mp4,1752588451.797265,1752588453.930598
Fail,Gui_Fail_3 - Person Disappears,Gui_Fail_3 - Person Disappears_clip_26.mp4,1752588453.930598,1752588456.063932
Fail,Gui_Fail_3 - Person Disappears,Gui_Fail_3 - Person Disappears_clip_27.mp4,1752588456.063932,1752588458.197265
Fail,Gui_Fail_3 - Person Disappears,Gui_Fail_3 - Person Disappears_clip_28.mp4,1752588458.197265,1752588460.330599
Fail,Gui_Fail_3 - Person Disappears,Gui_Fail_3 - Person Disappears_clip_29.mp4,1752588460.330599,1752588462.463932
Fail,Gui_Fail_3 - Person Disappears,Gui_Fail_3 - Person Disappears_clip_30.mp4,1752588462.463932,1752588464.597265
Fail,Gui_Fail_3 - Person Disappears,Gui_Fail_3 - Person Disappears_clip_31.mp4,1752588464.597265,1752588466.730599
Fail,Gui_Fail_3 - Person Disappears,Gui_Fail_3 - Person Disappears_clip_32.mp4,1752588466.730599,1752588468.863932
Fail,Gui_Fail_3 - Person Disappears,Gui_Fail_3 - Person Disappears_clip_33.mp4,1752588468.863932,1752588470.997265
Fail,Gui_Fail_3 - Person Disappears,Gui_Fail_3 - Person Disappears_clip_34.mp4,1752588470.997265,1752588473.130599
